<?xml version="1.0" encoding="UTF-8"?>
<missions xmlns="http://www.imr.no/formats/nmdbiotic/v3.1">
    <mission missiontype="9" startyear="2020" platform="9000" missionnumber="1">
        <missiontypename>Overvåkningstjenesten-Kommersielt fiske</missiontypename>
        <callsignal></callsignal>
        <platformname>Kommersielle fartøy</platformname>
        <missionstartdate>2020-01-01Z</missionstartdate>
        <missionstopdate>2020-12-31Z</missionstopdate>
        <fishstation serialnumber="1">
            <station>1</station>
            <gear>5110</gear>
            <gearcount>1000</gearcount>
            <fishingbait>1</fishingbait>
            <stationcomment>Station with baited gear</stationcomment>
            <catchsample catchsampleid="1">
                <commonname>torsk</commonname>
                <catchcategory>164712</catchcategory>
                <catchpartnumber>1</catchpartnumber>
                <aphia>126436</aphia>
                <scientificname>Gadus morhua</scientificname>
                <individual specimenid="1">
                    <individualproducttype>1</individualproducttype>
                    <lengthresolution>3</lengthresolution>
                    <length>0.05</length>
                    <individualcomment>Individual with foreign object in stomach</individualcomment>
                    <prey preysampleid="1">
                        <preypartnumber>1</preypartnumber>
                        <preycategory>999081</preycategory>
                        <preyforeignobject>1</preyforeignobject>
                        <weightresolution>3</weightresolution>
                    </prey>
                </individual>
            </catchsample>
            <catchsample catchsampleid="2">
                <commonname>vanlig uer</commonname>
                <catchcategory>166781</catchcategory>
                <catchpartnumber>1</catchpartnumber>
                <aphia>151324</aphia>
                <scientificname>Sebastes norvegicus</scientificname>
                <individual specimenid="1">
                    <individualproducttype>1</individualproducttype>
                    <lengthresolution>3</lengthresolution>
                    <length>0.34</length>
                    <morphologytype>1</morphologytype>
                    <individualcomment>Individual with morphologytype set</individualcomment>
                </individual>
            </catchsample>
        </fishstation>
        <fishstation serialnumber="2">
            <station>2</station>
            <gear>3100</gear>
            <catchsample catchsampleid="1">
                <commonname>snøkrabbe</commonname>
                <catchcategory>98428</catchcategory>
                <catchpartnumber>1</catchpartnumber>
                <aphia>107315</aphia>
                <scientificname>Chionoecetes opilio</scientificname>
                <lengthmeasurement>X</lengthmeasurement>
                <catchcomment>Catch sample with claw height as main length measurement</catchcomment>
                <individual specimenid="1">
                    <individualproducttype>1</individualproducttype>
                    <lengthresolution>3</lengthresolution>
                    <length>0.023</length>
                    <individualcomment>Individual with claw height set as main length measurement</individualcomment>
                </individual>
            </catchsample>
            <catchsample catchsampleid="2">
                <commonname>snøkrabbe</commonname>
                <catchcategory>98428</catchcategory>
                <catchpartnumber>2</catchpartnumber>
                <aphia>107315</aphia>
                <scientificname>Chionoecetes opilio</scientificname>
                <lengthmeasurement>L</lengthmeasurement>
                <individual specimenid="1">
                    <individualproducttype>1</individualproducttype>
                    <lengthresolution>3</lengthresolution>
                    <length>0.055</length>
                    <rightclawheight>0.024</rightclawheight>
                    <individualcomment>Individual with claw height set as additional length measurement</individualcomment>
                </individual>
            </catchsample>
        </fishstation>
    </mission>
</missions>
